ID,Tweet,Location
1582205047622230016-,tedesco di merda pk esiste voglio morire,None
1582187136882655232-,"E dimmi le cose che voglio sentire, così da capire se posso morire per te",None
1582157251158061056-,"dal piangere all’immaginare a quelle due morire sulle montagne e ridere come una stupida, voglio molto bene al mio jimin e al mio jungkook",None
1582148550418649089-,"non voglio più aprire nessun social perché sto malissimo e spero di morire, notte",None
1582139760780316672-,non le urla da amici x edoardo voglio morire,None
1582139755902345219-,eccoci qua io voglio morire,None
1582139550289121280-,"voglio morire per davvero, peccato io non abbia il coraggio di porre fine a tutto.",None
1582139092959387649-, Voglio morire oddio mi mancate adesso uffa,None
1582138191057801216-,"immagino se dovesse vincere tonino come se la crederà ,voglio morire ",None
1582136826655277056-,porco dio storia per giovedì voglio morire ammazzata,None
1582134741813166081-,voglio morire ,None
1582133558441029633-, Pensa che io ho entrambi al fantacalcio voglio morire🙃,None
1582131730437541889-, voglio morire,None
1582131255763574786-,domani prima interrogazione dell'anno voglio morire,None
1582129715468414976-,00:01 voglio morire,None
1582129008379977728-,Io cmq voglio uno che mi ami tanto che morirebbe per me che proprio sacrifica la sua vita per la mia colpa delle serie che guardo e mi alzano l’asticella se uno non è disposto a morire rimango single a vita ,None
1582124042735476736-,io vi giuro voglio vedere gabriele morire malissimo alevassallo ti amo lo sai ma stavolta deve andare così,None
1582122588209172480-,voglio morire ,None
1582121949357973504-, ho la verifica di matematica voglio morire,None
1582121205007810560-,jisung che parla mezz'ora on ogni skz talker si intervista da solo fa i tour dei camerini cammina dappertutto mi fa morire gli voglio bene,None
1582116569588453376-,non riesco manco ad avere una crisi per i mille sbalzi d’umore basta cazzo basta porcodio voglio morire be lo giuro,None
1582115647252664321-, VOGLIO MORIRE ANA,None
1582115044896407552-,palese unico giorno in cui non voglio farmi interrogare la bastardona lo fa madonna voglio morire sono così senza forze che non sono riuscita manco a ripassare già ho difficoltà con storia poi con il tutto che sto una merda andrà malissimo sto piangendo non è giusto,None
1582112432272859137-,"Voglio morire, già con questo preambolo 
",None
1582109773683912704-,voglio morire ,None
1582107889782894593-,vi prego lui mi fa morire in queste circostanze io gli voglio anche bene ,None
1582107121474469888-,voglio morire ,None
1582105245978882053-,"   voglio morire!!!
ora mi tocca dormire in piedi come i cavalli.
(E NON TI AZZARDARE A FARE BATTUTE SUI CAVALLI)",None
1582102522893721600-, io voglio solo morire,None
1582099741483339777-,pensando alla convinzione che avevo qualche anno fa... che avrei speso il bonus cultura per un concerto dei bts in Italia HAhaHAHAhaHA voglio morire,None
1582098936629956613-, Voglio morire...,None
1582098183504920577-,Ser Criston Cole il primo che voglio vedere morire molto male,None
1582098170188009473-,"io non ce la faccio, necessito di andare in tour con lewis oddio voglio morire",None
1582098064730255360-,Voglio morire   ,None
1582097994748375042-,mi brucia la gola da morire voglio piangere,None
1582097755413319680-, senti io voglio morire non li prenderò mai e se non li prendo non ho niente a cui aggrapparmi lo capisci io mi ammazzo,None
1582097437094981632-,"voglio morire la situazione con Leopardi è critica, se domani mi chiama devo avere tutto aperto altrimenti mi incazzo",None
1582097037268758528-,"SPOILER THE HOWL HOUSE S.3

voglio morire ",None
1582096161472925696-, mi ha letteralmente chiesto ss voglio morire,None
1582096054245535745-,voglio morire ,None
1582092091844628481-,"Devo andare ad un compleanno alle 23:30 di lunedì sera, voglio morire",None
1582091522333253632-,"oramai prego di morire, secondo voi io voglio vivere? non penso",None
1582090805858426880-,    Amore ti voglio bene  anche le altre due  mi fate morire ⚰️⚰️⚰️⚰️,None
1582090583501246464-, voglio morire,None
1582090486004666368-,questa fissa della linguetta oddio come voglio morire ,None
1582089438699495427-,vi giuro non mi viene matematica io voglio morire,None
1582088348495007744-,☹️☹️☹️ voglio morire ,None
1582086980929654788-, voglio morire,None
1582085680733511680-,"è qui che senti la mancanza, un senso di vuoto che ti uccide.
la sua presenza conta più di tutto il resto, mi sento morire quasi soffocare, voglio il suo respiro addosso.
",None
1582084894045282304-,Voglio sinceramente morire. ,None
1582083207083700225-,voglio morire ,None
1582082833027198976-,"bene, ti spiego tutto sulla mia attività, quest'anno prendo il certificato (voglio morire, ho più di 15 anni) quindi non ho molto tempo, quindi prendo molto tempo per postare.",None
1582082275792941056-,"e io oggi devo dire grazie a te, perché dopo il tuo concerto io mi sto mettendo alla prova tutti i giorni e sono fiera di me come non mai, sei il motivo per cui io affronto tutto e ti voglio bene da morire ",None
1582081931927523328-,  Voglio morire AHAHAHAHHAHA,None
1582081861538705408-,voglio morire,None
1582081118178004992-,"oggi ho rivisto il concerto e dopo aver saputo della leva non sono riuscita a fare a meno di notare diversi dettagli che prima non avevo visto. come quando jimin si è asciugato velocemente una lacrima e si è girato verso namjoon come per dire ""è arrivato il momento""
voglio morire",None
1582080922777980933-,Voglio morire ,None
1582080273373884416-," io non voglio immaginare.
devo morire",None
1582078866134560768-,"Dopo un bel giorno di fast ho deciso di prendermi un cazzo di dolce super calorico voglio morire QUINDI, CONSIGLIATEMI ESERCIZI DA FARE PER ALMENO TOGLIERE LA PANCIA GONFIA🥹😭",None
1582078670562201600-,stamattina ero felice ora voglio morire,None
1582077906263867399-,"prima ero felice, adesso voglio solo morire",None
1582077508937142272-,"  raga una volta feci un tik tok"" quando quella twitterina dice ""voglio morire"" con l'audio ECCO UNIDEA CHE HA DAVVERO SENSO era x denise ahahahh",None
1582076493194485760-, voglio morire 🥺,None
1582076077274324992-,"  Beh, nel controattacco e negli attacchi in terra Russa, per pochi che siano.
Voglio chiedere a chi è esperto. 
Del resto il tweet diceva che la guerra porta sempre i civili a  morire e mi chiedo se anche la lotta di liberazione ha la stessa meccanica.",None
1582075396601704448-,"Non sto bene e ho scelto proprio la settimana sbagliata per ammalarmi perché non posso permettermi di stare a casa in malattia o lavorare da casa, voglio morire.",None
1582075019202482176-,"  La speranza è sempre l'ultima a morire. Ci voglio credere, ma che facciano presto, il tempo passa veloce e i poveri animali non ne hanno molto.",None
1582074885660348417-, Voglio morire,None
1582074296733945857-, NO DENISE MI METTO A PIANGERE VOGLIO MORIRE BASTA DOMANI INTERROGA A ME,None
1582073134563217408-, voglio morire,None
1582072958679666688-, VOGLIO MORIRE,None
1582072812130299906-,voglio morire ,None
1582072421905240065-, No ti prego Hakimi no porcoddio voglio morire,None
1582072263347560449-, Voglio morire,None
1582071535506186240-,voglio morire morendo penso che me lo merito,None
1582070804941983744-,Voglio morire,None
1582069943251587073-,"oddio cosa, voglio morire ",None
1582069642092511233-,it starts with us mi arriva il 3 novembre voglio morire io lo volevo leggere domani.,None
1582067447506796545-," //real ha fatto un intervento ai denti, voglio morire",None
1582067105406496768-,"Alla domanda ""qual è stata la miglior partita di tennis dell'anno"", nessuno ti risponderà con altre partite che non siano quella di Carlitos e Jannik.

Sono una mamma fiera di questi bambini (anche se voglio morire sinceramente perché il trauma creatomi è ancora molto vivo)",None
1582065325990084608-,ecco perché jimin e taehyung……..vi prego voglio morire,None
1582065320441049088-,pensate a me il 19 a scuola mentre il padre di una mia amica cerca di prendere i biglietti per Louis voglio morire solo al pensiero,None
1582064625151283200-,scusate voglio morire per quanto è bello ,None
1582064563754713088-, Il problema è che sta notizia mi ha ammazzo voglio morire PERCHÉ ANCHE IL MIO CORPO SOMATIZZA CAZZO,None
1582063752798609408-,"  ANCHE IO AMORE 
ma prima parla con gyu non voglio morire",None
1582061701721038849-, tu mi fai morire ti voglio bene anche io vita mia,None
1582061462284967936-,"Ho ancora un'altra ora di lezione, voglio già morire",None
1582060239435665408-,voglio morire ricco come un Casamonica,None
1582059112879120384-,io che per sbaglio mi mangio il sughetto pronto pieno di aglio voglio morire ho un mattone nello stomaco🥹,None
1582154036228128769-,"Ma solo ora scopro che il Twitter odia i pinguini

Sono molto triste",None
1582124064566824960-,"Comunque raga inutile dirlo sto di merda, il mio umore è una merda, non ci capisco più un cazzo, ma se un asteroide mi colpisce sarei molto felice. Sono talmente stressato, angosciato, nervoso, incazzato, triste ecc. Tutto questo preso ingoiato e buttato giù che sto impazzendo.",None
1582110781222838272-,In questo momento sono molto triste  perché  penso a come può stare Christian  farei qualsiasi cosa pur di vederlo felice e sorridente sempre vorrei che leggesse solo cose belle  ovunque  perché merita solo cose belle e rispetto  gli voglio TVTB. è un ragazzo speciale 💜,None
1582104753865379841-, Sono molto triste,None
1582098842421366784-,"in più sto fatto che loro non dovrebbero andare perché hanno dato molto alla corea non significa nulla. loro, come tutti gli altri cittadini maschili, devono andare al militare. ripeto, anch’io sono triste ma alla fine bisogna solo aspettare. io aspetterò a braccia aperte.",None
1582098793452883968-, NO MAI mi piacciono tanto infatti sono triste per la trama perché ok molto importante che lei abbia scoperto di essere bi però lei e big red sono troppo belli io li voglio insieme 😢,None
1582098544407633920-," infatti, sono molto triste dovresti rimediare",None
1582097393494872064-,OK ADESSO SONO MOLTO TRISTE 😭  ,None
1582091198386171904-, Sono di molto triste 😞,None
1582087538667200513-, amo sono molto triste,None
1582085082017587200-," Ho perso tanti amici per via della stessa tua situazione...ma ho conosciuto tanti altre persone NoVax che adesso sono miei cari amici👍❤️...ormai e'difficile discutere con i vaccinati...molto triste, ma non ho più voglia di perdere energie per questi...",None
1582068277555081216-,oggi sono molto triste,None
1582065406587461632-,"  Sono le riflessioni di chi vuole loro bene, aprire gli # e leggere fazioni è molto più triste",None
1582064966160773120-, Sono molto triste neanche aka7 e Martina sono così distanti nonostante aka7 sia rimasto scottato da Martina ieri confesso di aver pianto,None
1582064872887812096-,realizzando un po’ in ritardo che ora francesca non abita più a 30 minuti da me e sono molto triste,None
1582064316940840960-,sono ancora molto triste ma questa cosa l'ammiro molto. ,None
1582054238250708993-,Ho rotto per sbaglio la mia tazza preferita. Sono molto triste ora,None
1582024058249830400-,Il fatto che il cast di the bear sia così booked and busy mi rende molto fiera perché sono davvero tanto bravi se la serie funziona così bene è anche grazie a loro ma allo stesso tempo sono triste perché non voglio aspettare x la s2 🫠,None
1582004366763905027-,sono molto triste  ,None
1582002775075930112-,"Oggi in lutto....
Io non credo resisterò fino al 2025 senza avere delle crisi...😓
La leva militare è una merd* 😬
Aspetterò sempre  però comunque sono un po' di anni!!!💜
Sono molto triste perché non sono mai riuscita ad andare a un loro concerto... ",None
1581986192265924608-, io sono ancora molto triste...sinceramente non so che fare,None
1581984200244137986-,"è morto il mio prof di linguistica generale che avevo nell'uni precedente, sono super triste perchè ero molto affezionata a lui :( era bravissimo",None
1581980711246237697-, il motivo per cui ho droppato i bangtan vvb molto triste perché loro sono anche bravi ma quel fandom mi fa passare tutte le voglie,None
1581980600822439936-,"anni di vita rubati, oggi sono molto triste",None
1581979572492718081-," Non impareranno.. 
non sanno cosa sia il rispetto  😒
Sono frustrati e cattivi  perché  non ottengono quello che vorrebbero.. 
Tutto di loro è triste e negativo ..
Molto squallido e sporco ..",None
1581978813923471364-,Ho appena visto dei bittini sono molto triste,None
1581977539467042816-, Sono molto triste per questa notizia...😔,None
1581971972656812033-,"Tendo a stare lontana da Twitter quando sono molto triste, quando sono ansiosa, quando sono depressa.
Ma anche quando il mondo, fuori, prende il sopravvento.
Ed è come se avessi già troppa vita intorno per aggiungerne altra.",None
1581969370682884096-,"sono davvero molto triste però vabe, è una cosa che dovevano e sopratutto volevano fare.",None
1581960008895713281-,"non riesco a pensare a niente, sono molto triste",None
1581957930907500544-," Ti consiglio il mio approccio per fare più soldi: ""ok sono riuscito a fare x quindi mi merito un saccottino con la Rigoni"" oppure ""ok non sono riuscito a fare x e sono molto triste mi merito un saccottino con la Rigoni""",None
1581957220815687680-,Sono però molto triste per Jin che probabilmente non avrà nemmeno tempo di promuovere il suo lavoro decentemente quindi you better support him,None
1581948328035512321-,io oggi sono molto triste ,None
1581935040011067393-,Sono una persona molto triste in questo momento ,None
1581929568256299008-,"Non dirò niente al riguardo, ne ho già parlato con le persone di cui mi fido di più e mi basta così. Sono molto arrabbiata, sono molto triste, ma da quando quei 7 sono entrati nella mia vita ho capito che ci sarebbero rimasti per sempre e così sarà. I'm in this bts shit for life.",None
1581925094188003328-," Un pò deboluccia come risposta. I 190 milioni di poveri sono un, molto molto triste, fatto.",None
1581922126436913152-,Sono molto triste onestamente speravo in un miracolo diciamo così non posso manco mettermi a piangere perché sono in un luogo non mio mi ammazz,None
1581921851676450816-,A volte mi sento triste quando ricordo che non sono l'unica donna nella vita di mio daddy e non so se è molto egoista.,None
1581921691718254595-,molto triste pensare che da qua al 2025 ci sono anni in cui tutti noi (bts/army) potremmo cambiare idea sul da farsi e non è scontatissimo né che loro torneranno insieme a fare musica né che noi saremo lì ad aspettarli,None
1581911734713192448-,sono triste ma li amo molto,None
1581782201855021056-,"sono entrambi ""amici"" di Alberto e tutto ciò è molto triste, non credo che Edoardo sia omofobo ma fa un bel po' di uscite cesse quindi spero nella clip così Alberto si allontana e sono tutti felici e contenti finisce sta storia e andiamo in pace amen ",None
1581780847778140161-,"la verità è che sono molto triste in sto periodo, sento di aver completamente perso il controllo di me",None
1581760248892645376-,in questo periodo sono molto triste perché non sono attiva sul signor twitter ma la scuola mi sta ammazzando + ho altre 72837282819 cose da fare e mi vorrei buttare di sotto 👍🏼👍🏼👍🏼👍🏼 ,None
1581758482986176512-, Chi ammorba sono quelli che hai denunciato. Sono loro che se ne devono andare. Senza i tuoi tuit questo posto sarebbe molto più triste e povero.,None
1581754964023848960-,"Che Leone fosse pieno e strapieno si era capito da tempo già quest’estate, il bambino bello e buono che fa le foto volentieri non era proprio una storia credibile. Il discorso è troppo complesso per riassumerlo così e sono d’accordo e in disaccordo, ma quest’audio è molto triste. ",None
1581740710201417728-,"Un altra persona che racconta falsità. Mai cagato. Forse sentito in qualche Space. Mi sono ritrovato bloccato senza motivo (le critiche a Sarri?) e ovviamente ho ricambiato la gentilezza.

Molto triste faccia la baby-sitter ai bimbiminkia di Lazio Twitter. ",None
1581731067547234304-,"  Idem, sono molto triste ora 😢",None
1581716395925962757-, Sono state poco meno di 10 giorni fa e onestamente mi sembrano passati già anni.. Sono molto triste 🙈,None
1581709263961214976-,sono molto triste per questa cosa ,None
1581703718093090817-," molto triste perché ci sono ballerini molto più meritevoli di Megan, ma siccome è magra e alta fanno andare avanti lei, giusto ovvio",None
1581697768677965824-,"Ciao Luca. Come stai? Come va in ospedale? Oggi sono molto molto triste però per te, mi manchi. Dico a te di essere forte e che c'è la farai. Ciao Luchino💙💙",None
1581678466902396928-,anyway anch’io ci ho sperato fino all’ultimo e sono molto triste x questo ma la cosa buona che ora non si parlerà di loro come ship ma solo artisticamente perché è quello che conta realmente ,None
1581662393683177473-," Esatto! Vittoria è ancora molto piccola, Leone invece sta diventando più consapevole e infatti, giustamente, si sta rompendo il cazzo. Lo stesso accadrà anche con la bambina fra pochi anni, ne sono certa... 
Ed è molto triste guadagnare sull'immagine dei figli, secondo me.",None
1581653656171991040-," amo ho usato tutto ed è venuta mona a pity 80, io sono ancora molto triste 😭💔",None
1581650481910202371-,"Tutto ciò molto triste ma ancora più triste il fatto che questi bambini, anche se godono di una vita privilegiata, sono già super famosi e al centro dell'attenzione di milioni di persone. Non hanno mai privacy. Adesso sono piccoli e non capiscono, ma non sarà così per sempre. ",None
1581625894137135105-,Comunque ragazzi io sono molto triste perché  si è dimenticata di me,None
1581615731468226560-,fare il layout mi ha anche portato a contatto con molto cime tempestose content adesso sono molto triste e miserabile,None
1581590579431231488-,rido molto ma sono triste,None
1581581594082410496-, della Camera sono un cittadino che le scrive dicendo Io mi sento molto triste per la sua elezione perché ricordo bene che lei definiva le persone come me schifezza e che ci considera persone di serie B Purtroppo questo mi fa vergognare per il mio paese,None
1581577722958327811-,sono molto triste mi manca questa pallina non deve tornare perché sennò mi manca sempre di più,None
1581575678801027074-, Sono pienamente d’accordo con te! È molto triste 😞 purtroppo la maggior parte degli italiani che hanno votato questo governo non si rendono conto di quanto pericoloso possa essere! Ci siamo già passati e non ci ha insegnato niente!!! 😡🤬😡🤬,None
1581561541635485696-,sono molto triste oggi ,None
1581561148809543681-,sono molto triste ,None
1581546319834845185-,"Comunque sono felicissima per Marc….ma molto triste per Fabio, non oso immaginare come stia ❤️‍🩹",None
1581545465065021441-," Weverse non ci ha permesso di godere del concerto. Tutto ha crashato dopo 10 minuti. Sono molto triste, ma aspetto i BTS in Italia. Love you guys💜💜💜💜💜💜💜",None
1581540443602399233-,  Sono d accordo! Ma quello che poi io nom capisco è perché farlo😅😅 o hai una vita molto triste e non hai niente da fare ( allora ti compatisco) o sei proprio cattivo e lo fai solo per sollevare la polemica...,None
1581514069487472641-," Esco da un periodo molto triste. Non auguro a nessuno dover passare quello che ho passato io. Ora però ho ritrovato me stessa e la mia nuova io mi piace molto. Si, adesso sono fiera di quel che sono. Credo che tu sia una bella persona, anche tu puoi essere fiero di te stesso. ",None
1581423674410008576-,"Oggi è successa una cosa molto triste a casa ma sono veramente fortunata ad avere vicino le persone che ho, tutte nessuna esclusa ❤️‍🩹 forse dopo un sacco di anni finalmente sono circondata dalle uniche persone che merito veramente di avere vicino.",None
1581417430340943873-,"molto strano è triste rendersi conto ad un certo punto di aver accettato e normalizzato comportamenti che normali non sono e aver passato anni ad accontentarsi di briciole di affetto e attenzione, quando probabilmente mi meritavo di più",None
1581410533659791360-," ero proprio convinta di questa cosa, sono molto triste in questo momento 😭 ma anche curiosa di sapere chi è la coinquilina ✨",None
1581409461746294784-,"È arrivato quel giorno che di solito è molto triste per me, peró eccoci qui, 18 anni.
Il mio regalo ce l'ho, e sono loro, che sono entrati nella mia vita regalandomi ciò che per me è più prezioso, spero tanto di potergli dire il bene che voglio ad entrambi🤍💜 ",None
1581401014413889537-,Sono molto triste per questa sconfitta che ci tocca profondamente ,None
1581396012458860544-,domani é il compleanno di Charles ma non ci sarà Carlos a festeggiare con lui io sono molto triste 💔 ,None
1581385235102515200-,io molto triste perché la tipa dello stand thai tra l'altro stupenda 🥺 mi ha fatto aspettare mezz'ora per farmi provare il vestito e poi mi ha detto di aspettarla altri 20 minuti ma sono dovuta andare via,None
1581382896819896320-,sono molto triste penso mi metterò a letto a fissare il muro piangendo finché non dormo,None
1581379050941009921-,No vabbè iniziato questo Kdrama ed innamorata persa del second lead che non sarà mai scelerò e credevo fosse il main lead invece no. Adesso sono molto offesa e triste. Maledetta second lead syndrome dei Kdrama.   ,None
1581375189153353729-,sono molto triste :(,None
1581361975325753344-,((Comunque sono molto triste perché mi meritavo di vedere i Kasabian domani ho proprio bisogno di sentire dal vivo band che mi piacciono proprio tanto come loro 😩😩😩)),None
1581346472527683586-,spesso sono molto triste poi mi ricordo che louis tomlinson mi ha fatto il pollice in su e sto bene,None
1581338730442657792-,sono molto triste di sapere che egonu avrebbe lasciato la squadra italiana di pallavolo :(,None
1581336829223403523-,"Sono molto triste perché se dovesse realmente accadere perderemmo una grandissima persona però rispetterei la sua decisione perché come ho già detto, non la meritiamo proprio. ",None
1581333740348768257-,C'è una delle mie piante che sinceramente mi sembra super in pena vicinissima alla m0rte non so che fare per farla riprendere non so se arrendermi o cosa veramente sono molto triste,None
1581324917944946689-,"sono un po’ triste perché mi sono allontanata nell’ultimo periodo da una persona a cui ero molto legata, mi dispiace perché le voglio un gran bene. purtroppo gestire i rapporti sta diventando sempre più difficile",None
1581306290608799744-,"Oggi sono molto triste. 

Quella tristezza che viene fuori di botto, con gli interessi.

Che giornata di merda.",None
1581302547536826372-,ha detto un sacco di cose carinette io sono molto triste ,None
1581298104506413057-,sono molto triste che domani non lo rivedremo ma la prossima settimana sarà uno scatafascio vorrei fermarmi qui ,None
1581294166163660800-,"sono triste perché lei è strasimpatica e molto intelligente..l’ho vista presentare il romanzo di francesca maccani, nella quale ho riscontrato simili problemi di stile:",None
1581287781795393536-,domani non vedremo questa coreografia sono molto triste  ,None
1581280229279924224-,questo mio nuovo silly little layout rendendomi molto triste it may be cringe or whatever ma sono i miei 7 amichetti i love them a Lot ☹️,None
1581263550680420352-,sono molto triste ora ,None
1581262782749503494-,"  Sono d'accordo!! Il PD distrutto perché colonizzato da quello che all'inizio era un avversario, m5s vs PD.. Credo però che fosse nei piani di grillo, distruggere la sinistra e prenderne il posto!! Una storia molto triste!!",None
1580609464096690178-,voglio dormire e non svegliarmi mai più,None
1580501362982367232-,"Buongiorno, speravo di andare a dormire e svegliarmi scoprendo che questo Jungkook lo avevo solo sognato e invece no, purtroppo è reale e io non mi riprenderò mai ",None
1580490630345940998-,voglio andare a dormire e non svegliarmi mai più,None
1580405635941732353-,"Ma perché non sono andata a dormire
DOVEVO MORIRE NEL SONNO E NON SVEGLIARMI MAI PIÙ ",None
1578713963260686336-,"Tutto ciò di cui ho bisogno è dormire e non svegliarmi mai più, letteralmente",None
1578084576097861637-,voglio dormire e non svegliarmi mai più,None
1577846278112919553-,"Io ho dormito un sacco.
Spero non sia presagio di un qualcosa di brutto perché non mi è mai successo di dormire sia il pomeriggio che la sera senza mai svegliarmi.

Chissà cosa hanno fatto ieri in ospedale",None
1577419596524818434-,"Non riesco più a liberarmi dei miei pensieri intrusivi, vorrei dormire e non svegliarmi mai più",None
1577029638999928832-,Vabbè raga è arrivata per me l'ora di andare a dormire e non svegliarmi mai più ok ,None
1575437149037551616-, Come mai hai dormito poco? A me piace svegliarmi presto e quando non vado a dormire tardi succede spesso però evidentemente avevo ancora sonno,None
1574495558705758209-,la voglia di andare a dormire e non svegliarmi mai più,None
1574323196408389632-,"io sinceramente vorrei tornare a dormire e non svegliarmi mai più, il sonno eterno è molto allettante in questo momento",None
1574312543312551938-,Che voglia di andare a dormire e non svegliarmi mai più,None
1574283535791398919-,"accendo il telefono, vedo tutti parlare della vittoria della Meloni, spengo il telefono e mi rimetto a dormire sperando di non svegliarmi mai più.",None
1574276335744471040-,La voglia di dormire e non svegliarmi mai più ,None
1574260418708660225-,"wow, non avrei mai immaginato di andare a dormire nel 2022 e svegliarmi nel 1922",None
1574220527844982784-,SONO DISTRUTTA Io ho bisogno di dormire per 24h e non svegliarmi mai piu,None
1574198444784230400-,Io adesso voglio andare a dormire e non svegliarmi mai più ,None
1574168287923027974-,L'unica cosa che posso fare è mettermi a dormire e sperare di non svegliarmi mai più,None
1574157123248070657-,Io che vado a dormire sperando di non svegliarmi mai più perché c'è solo da piangere,None
1574150248292818944-,dormire e non svegliarmi mai più who? ,None
1574147724135477248-,vabbè vado a dormire sperando di non svegliarmi mai più se la situazione elezioni è questa,None
1573970706186084352-,preferirei andare a dormire oggi dopo il mio voto e non svegliarmi mai più,None
1573641171221479426-,"mi viene da piangere , vorrei andare a dormire e non svegliarmi mai più",None
1573456695505846282-,"""dovessi scegliere un superpotere sarebbe quello di svegliarmi presto"" - decisamente 🙃
perché la sera non voglio mai andare a dormire e poi la mattina non mi svegliano nemmeno le campane? volevo nascere mattiniera...🫠",None
1572517133871120384-,mi sono davvero svegliata in un mondo in cui quel CRIMINALE di cui non farò nemmeno il nome è passato dal nero al BIONDO PLATINO ciao amicx io torno a dormire spero di non svegliarmi mai più,None
1572335838490411008-,"Vorrei andare a dormire e svegliarmi con la tesi finita, ma non accadrà mai ",None
1571595428646490113-,voglio dormire e non svegliarmi mai più,None
1571299750598660096-,perché vai a dormire così tardi? fa male PRONTOOOOOO NON VOGLIO SVEGLIARMI MAI PIÙ COSA NON È COMPRESIBILE??????? NON SI CAPISCE?????,None
1581768082452021250-,mi manca essere un bambino e avere mio padre presente e mio fratello al mio fianco mio padre è morto mio fratello lavora molto quindi sono ferito e non riesco a trattenermi Non voglio preoccupare nessuno per questo parlo in italiano,None
1581597242149900288-,sto scrivendo una prongsfootmoonwater in cui regulus dopo essere uscito dalla grotta è finito in coma e quando si sveglierà non si ricorderà di remus  non voglio altre tragedie quindi voldemort è morto grazie a reg e sirius e james vivono insieme in campagna,None
1580337712892358656-," amplio perché non voglio essere totalmente negativo Se lazienda è ancora in piedi e non chiude alla prima lettera di avvocato consiglio di andare per avvocati

Se lazienda un morto che camminano che vanno in bancarotta appena un fornitore chiede un arretrato cè poco da fare",None
1580152400857268225-, Voglio essere sincero con te hai due tette che fanno risvegliare un morto,None
1578709444237484033-,"  Se mi fanno concime per conifere piuttosto che urna cineraria per cimitero io ci sto
Del resto sono morto sai che mi frega che fate del mio corpo io non sono li
Però romanticamente voglio essere bosco",None
1576507211974836225-, Infermiera Se mi trovi mezzo morto per strada prosegui per la tua strada e lasciami crepare Non voglio essere toccato dalle tue manacce sozze,None
1575457351938744323-, Credimi non voglio essere cattiva ma pensavo fosse morto ,None
1575100656498532352-," 





ho visto troppi parallelismi tra lo scontro di deku e quello di bakugo spero questo non sia un cattivo presagio PERCHÉ NON VOGLIO ARRIVARE A DIRE CHE DEKU SIA DIVENTATO IL PIÙ GRANDE DEGLI EROI DOPO ESSERE MORTO",None
1574710834584223745-,I sogni di Giuliano morto a 18 anni per uno stage Voglio essere felice ,None
1574496184944578560-,VI PREGOOOO FATE SI CHE NONNSIA MORTOVI PREGONON PUÒ ESSERE ESPLOSO CON LAEREO NO IO VOGLIO IL MIO LIETO FINEEE,None
1574463287156248589-, Vi voglio bene  grandi tesori Io ho accompagnato nel suo ultimo viaggio la mia cagnolina anni fa il mio cuore era morto le ho dato un bacino e l ho vista addormentarsiI nostri figli pelosi devono essere amati  curati e seguiti fino alla fine perché loro vivono per noi,None
1573703511396737028-, Vabbè daiUna volta morto sei morto e basta Non senti e non vedi nulla Anche io voglio essere cremata però messa in unurna celeste il mio colore preferito e tenuta presso i miei cari,None
1573622643445620736-,  Scusa ma se io quando morirò voglio che il mio corpo sia usato per concimare la terra per fare nascere un fiore o un albero ma cosa Ve ne frega a voi Preferite essere chiusi in un cassa da morto a decomporvi Bene siete liberi di farlo ,None
1582175724185665536-,ho appena chiuso una chiamata di 4 ore con il mio migliore amico io giuro odio parlare al telefono ma con lui è tutto più bello sono stata così bene è la mia vita ,None
1582142408698929154-,Odio la mia vita ricca di sfortune,None
1582139760721944576-,odio la mia vita ,None
1582099842670555136-,"Come si fa conoscenza 
Chiedo perché ho avuto la conferma dai i miei compagni che lancio certe occhiate di odio che faccio paura 
HELP me  la mia vita è noiosa e mi sono stufata a fare la spettatrice   ormai metto hashtag a caso",None
1582083974322495490-,odio la mia vita mi odio,None
1582082641020751873-,nkn so cosa mangiare letteralmente oggi non mi sono mosso per nulla e sono a dieta quindi mi sentirei in colpa odio la mia vita,None
1582080931690528768-,la mia vita è un loop continuo delle cose che odio di più,None
1582052251618938881-,Io odio così tanto la mia vita me stesso tutto non cè una singola cosa che mi piaccia  ,None
1582041461440188417-,sentendo mia madre sussurrare cazz0 io ti odio hai rovinato la vita delle donne,None
1582003115523735552-, nonostante faccia comunque male perché ha paura di tutto ci sono tanti perché ma ti posso assicurare che non passo un giorno senza pensare a come potrebbe essere la mia vita se effettivamente facessi quel minimo cambiamento quella minima mossa che non riesco a fare e odio,None
1581997819631927296-,"  Per giustificare il mio odio verso Renzi basta citare il Jobs Act non serve specificare mille diversi motivi 
Per il resto hai detto una cagata Come se non potessi criticare il governo se la mia aspirazione nella vita non fosse quella di fare carriera politica",None
1581961646678810624-,"Con il istj è okay tutti e due siamo perfezionisti
È con il infp che avevo paura di provare a parlarci è stato lui a parlarmi per primo e gli ho detto che la maglietta faceva schifo e si è messo a piangere
Odio la mia vita",None
1581936797135024129-,Odio la mia vita,None
1581868584091156480-,taylor swift sei una pazza tu pagherai per tutto questo ti odio sei la mia vita sei tutto per me ti amo,None
1581744996260028416-,Il più bel tweet letto in vita mia una perla in mezzo ad un mare di odio e offese Grazie Paola spengo la luce e tengo con me le tue splendide parole viva lItalia fatta di persone belle come te ,None
1581726416416407553-,non sono pronta ad affrontare unaltra settimana di scuola sono stanca di tutto non so fare nulla ho lansia non riesco a studiare nemmeno ci provomi sento perennemente in colpa su tutto mi mancano harry e louis mi mancano i miei genitori insieme odio la mia vita stase,None
1581725585088602112-, Coltivo lodio per lazione come un  fiore  di  serra  Mi compiaccio con me stesso  della mia dissidenza con la vita F Pessoa,None
1581725345308606464-,"  1 Io sono vaccinato ma sono intellettualmente onesto tu non sai nemmeno che cazzo significa e difendo i diritti e le libertà di chi non ha fatto la mia scelta

2 Sei una persone piena di frustrazioni probabilmente per una vita triste e riversi il tuo disagio nellodio",None
1581724882701717504-,Tutto lodio che sta ricevendo il federtennis poesia per le mie orecchie sei la mia vita Andreas guarda,None
1581714716589596672-,"ho 20 cazzo di anni e mi sento di doverne avere 40 in questa situazione e perché perché i miei genitori sono immigrati
ma vaffanculo
io odio tutto questo e in questo esatto momento odio la mia vita",None
1581699300882452481-,io odio gli spoiler con tutta la mia vita ma la maggior parte li scopro da sola senza volerlo,None
1581643342596624384-,Io non posso vivere sapendo che jin non sarà mai il mio fidanzato non mi va bene non ha senso la mia vita odio tutto,None
1581635515518169088-,mio dio oggi ti odio ma sei sempre più bravosei la mia vita,None
1581624749095931904-,Mi fa troppo ridere la mia TL divisa in wax ti odio sparisci dalla mia vita e wax ti amo sei tutto il mio mondo sposiamoci,None
1581586152762396673-, non ho parenti mia zia è morta questa estate ed era lunica partente stretta ancora in vita ho una zia a modena ma la odio sorella di papà e non è proprio in buoni rapporti con lui quindi lei no zia non si è mai sposata e quando si è ammalata il suo compagno lha lasciata,None
1581574005773176832-,il modo in cui odio la mia vita e se non mi ammazzo è solo perché non ho il coraggio,None
1581557046503096320-,buongiorno non ho dormito un cazzo e mi sono svegliata con unansia di vivere immensa odio la mia vita,None
1581462999482896384-,Odio sempre di più la mia vita,None
1581397256506179585-, uso lui come reaction e poi è il primo ad esserne innamorato la mia vita è un disastro vi odio,None
1581392704180609025-,odio la mia vita,None
1581376447763345408-, Per questo mi odio perché vorrei fare tante cose nella vita e diventare qualcuno ma non ci riesco perché la mia ansia mi bloccaperò allo stesso tempo non voglio farlo notare agli altri e lo nascondo e mi rinchiudo in me stessa e faccio vedere una parte di me che piace agli altri,None
1581339096156250112-, Non ho mai visto in vita mia tanta cattiveria come quella di questa attuale sinistra che sia la sinistra Italiana o di Berlino quella di Biden sono loro i nazisti sul campo la loro ideologia insatanata piena di odio ,None
1581330522034171906-,marò come la odio col cazzo che la prossima volta scendo in orario porcodio farò ritardo per il resto della mia vita,None
1581263772349759489-,È quel periodo dellanno in cui il mondo del cinema mi fa schifo lo odio vorrei non vedere mai più film in tutta la mia vita E questanno ha coinciso con la festa del cinema ,None
1581246252456431616-,ogni volta che s felice mia sorella mi deve far ricordare il suo odio represso su di me per il semplice fatto che sono nata grazie per rovinarmi la vita Già era da poco che ero un po felice dopo tanto tempo di tristezza che non riuscivo a sorridere lei è solo contenta tanto,None
1581238017578405888-, No è diverso La mia vita non è  dedicata allodio Mi fanno pena e a volte ribrezzo Loro invece sono forgiati così in modo indiscriminato Agiscono solo contro mai per ,None
1581229249390063618-,Purtroppo questuomo è la mia nemesi per la vita e nonostante tante cose le abbia superate grazie al percorso con la psicologa lui rimarrà sempre una delle persone che più odio al mondo,None
1581044687766683648-,"generazione Già so che per questo nessuno pagherà abbastanza già so che nessuno sarà mai considerato responsabile di questo 
Non importa il mio odio e il mio disprezzo li accompagnerà per il resto della loro vita
Avrò la mia vendetta in questa vita o nellaltra gtgt",None
1581031629958832128-,Io mi voglio fare del male odio la mia vita ,None
1581023657522257921-,"io mi sento come il senno di Orlando
odio la mia vita",None
1581016539511558145-,"Mo sto perdendo questo odio la mia vita sociale
 ",None
1580974538808262656-," Odio quando commentano rododendro
Dammi un parere costruttivo
Oppure quelli che ti raccontano la vita ho regalato questo vestito a mia cugina di secondi grado per la sua festa di laurea blablabla le è piaciuto",None
1580957572831379463-,  No ti giuro una delle persone che odio di più in vita mia La cosa che non mi passa sono i soldi che fa con ste cacate,None
1580944875331063809-, CHIARA STO PIANGENDO TU SEI LA MIA VITA giuro che non ti odio davvero,None
1580933994018791425-,mia madre mi ha incastrata nellaiutarla a fare in bonifico io odio la mia vita,None
1580843681724379136-,fanculo è un concerto gratuito e non posso manco vederlo odio la mia vita ,None
1580841553035395072-,Harry styles io ti odio che per i tuoi cavolo di biglietti ho pagato con la mia vita ma perché non prendi esempio,None
1580656586993074177-,odio la mia vita le persone odio me stessa odio tutto,None
1580639482226696193-,penso di essermi sentita poche volte completamente sola come in questo periodo e la gente che mi circonda non fa che peggiorare la situazione con i loro comportamentiper non parlare poi di mio padre che continua a farmi sentire come una fallita costantemente odio la mia vita,None
1580620141783834624-,ma sto ragazzo mai stato cesso comunque odio la mia vita ,None
1580596886519414789-, Non ricordo mai di aver visto un tale ODIO negli occhi e nei comportamenti di tanta gente in vita mia e me ne frego  ora se sono stati lavati di  Avrò la mia vendetta in questa vita o nellaltra  ma davvero,None
1580575450065440768-, ODIO GLI OBBLIGHI ED È ESATTAMENTE PER QUESTO CHE CAMPO GRAZIE A PIATTAFORME POSSEDUTE DA GIGANTESCHE CORPORATION CHE MI OBBLIGANO A PUBBLICARE ALMENO 10 STORIES AL GIORNO PERCHÉ SE NO NON ESISTEREI E DAI ANCHE TRE POST A SETTIMANA E LA MIA VITA È OBBLIGATORIAMENTE PUBBLICATA LÌ,None
1580537463202021376-,"Conosci così tante cose su di me e la mia vita che io non considero fondamentali 

Il mio branco è la mia famiglia

Lei è arrogante per quanto è stupido 

Frasi dal film 
MISSISSIPPI BURNING LE RADICI DELLODIO 

Quaggiù dicono che i serpenti a sonagli non si suicidano  ",None
1580501674866913281-,Ho provato a organizzare un sushi con Luca e i miei amici ed entro un mese non è fattibile io odio la mia vita,None
1580498523371450369-, lo so ma odio che la gente della mia età pensi solo al sesso  cioè che bisogno avete di farlo a 16 anni con una persona a caso Per me deve essere speciale,None
1580451208984043520-,rimpiangendo di essere venuta al mondo piove odio la mia vita etc,None
1580437074809065474-,Odio la mia vita veramente tanto,None
1580433169936896000-,  Io delle loro scuse me ne frego Chi mi ridà i soldi dei tamponi e la vita dinferno x organizzare tutta la mia famiglia x mesi e mesi e la sospensione e lodio dei miei amici e il danno psicologo,None
1580345450074607616-,lodio viscerale di carolina per charlie letteralmente la mia linfa vitale il mio elisir di lunga vita,None
1580342767657500673-,      Vi odio tutti siete la mia sfaccimma di vita,None
1580334167946309635-,   Innanzitutto incitazione allodio è un accusa importante perciò parli al singolare e mi trovi le prove in cui la mia persona ha incitato allodio contro Demet altrimenti si prende una bella denuncia per diffamazione A me della vita privata di Can non è mai interessato nulla,None
1580298114518646785-,Odio la mia vita,None
1580288097526640640-,ora mi prende di sopra dicendo che lei è cambiata per me mi rinfaccia che è cambiata per me odio così tanto la mia vita,None
1580280608856543232-,ormai odio la mia vita ho cercato di romanticizzarla ma è inutile,None
1580271784552632321-,mio dio mi sto cagando sotto odio la mia vita,None
1580252736863731712-,il mental break down su queste foto maledizione odio la mia vita ,None
1580243856750415872-, sei la mia vita ti odio,None
1580215579696250880-,io sto studiando e non posso guardarlo fare i fiori di lego odio la mia vita,None
1580183357467820032-,"A volte sale limpulso del twit di sfogo che condividerei solo con la mia cerchia poi penso
Chi mi dà il diritto di selezionare un gruppo di persone che senza il loro consenso si ritrovano in TL le mie lamentele e il mio odio per la vita",None
1580100025987629056-,Non mi passa Cani malati figli di due cugini di primo grado A sminare la Crimea col buco del culo Vi odio più della mia vita ,None
1579987939068907521-,Odio la mia vita,None
1579936287955746817-,odio linfluenza odio la mia vita odio tutti odio vivere odio il fatto che io esista odio qualunque cosa mia circonda basya,None
1579921058291126272-," ti odio des
è ardua scelta ma scelgo mile perché è la mia vita non ci posso fare niente per quanto sto iniziando ad amare khao con mile ho un legame che considero più profondo",None
1579859751508537350-,"Pessimista nellosso ma cambio o ti faccio un torto
Che ti amo lo leggi in volto ed è chiaro tutto il contrario
Quando ti urlo che ti odio e non ti sopporto
Forse in fondo non ti merito e basta
Forse in fondo la mia vita è una farsa
Il campione mondiale nel mettermi in dubbio",None
1579842688832372736-," albertone sei la persona più bella sulla faccia della terra grazie di esistere perché da quando sei nella mia vita è tutto molto  bello spero di riabbracciarti presto 
mo basta mi cringia essere così dolce ti odio alberto
",None
1579793908066025473-,  Più vi odio più mi state vicini questa è la mia vita,None
1579777257752899585-," Io odio la stragrande maggioranza dei profumi in commercio hanno un odore vomitevole
Lunico che ho usato in vita mia e che non mi da fastidio che non è nemmeno profumo ma eau de toilette è questo ",None
1579771932178001921-, Questa la odio sarà la mia unpopular opinion della vita,None
1579704706846580738-, Alberto allontana queste però dalla tua vita ti farsi solo del male io non ti odio ricevi il mio amore  e la mia luce ,None
1579698132883230720-,buongiorno mi manca han voglio morire perché oggi torno a scuola mi fa ancor male tutto odio la mia vita ho tre verifiche tra mercoledì e giovedì odio i miei professori amen,None
1579605484025573376-,  Se mi trovassi di fronte certi pacifinti figli di Putin che twittano bestialità penso che per la prima volta in vita mia potrei diventare fisicamente violento Nemmeno per i novax avevo provato tanto odio,None
1579568288774115329-,"PACE AMORE E GOIA INFINITAAAAA
ho questa canzone in testa anche se la mia vita fa schifo io mi odio e voglio morire",None
1579448973882175490-,Non è vero che ti odio amore mio sei tutta la mia vita non posso vivere senza di te angelo luce dei miei occhi ,None
1579446049051398145-,diopo oggi è uscito bleach devo silenziare tutto perché non sono ancora in pari odio la mia vita,None
1579389750662017024-,non ci credo che mi sto perdendo la lezione e la presenza per colpa del traffico ma io odio la mia vita,None
1579361807281815553-,Odio i film horror perché la mia vita fa più paura,None
1579351858510172160-,ovviamente riprendono le lezioni ed il tempo è orrendo infatti sta piovendo sempre quando io sono costretta a spostarmi a piedi e con i mezzi ah odio la mia vita,None
1579209802407768064-,io odio la mia vita ,None
1582141181236236290-,"posso dire di essere stanco
di cose che non si stanno risolvendo di scelte che non mi appartengono più di scelte da fare per essere coerenti di felicità che sembrava dipinta bene ma era solo una crosta a poco prezzo
poi domani mi alzerò e si continuerá però anche uffa",None
1581988900780007425-, no era stanco di essere solo tommimo per zorzi,None
1581978733644111872-,molto stanco di essere circondato di boni solo su ig,None
1581786221646614528-, stanco di questa generazione che finge di essere moralista per farsi una scopata di nascosto solo per mantenere integra la loro stupida reputazione di finti perbenisti,None
1581682610123984896-, dembele alla minima difficoltà cerca di fare tutto da solo e ha smesso di trovarsi con raphinha che vedo sempre più in confusione eric era andato benissimo ma oggi ha fatto una disasterclass assurda busi sarà anche stanco ma ha smesso di essere leader pedri era esausto ,None
1581099747800416256-,"domani sera sarà ancora diversa
sarà ancora in strada
kerouac senza libri ma solo con droga alcol e puttane
così sono e sono stanco di pensare a essere ricordato diversamente",None
1580538929144479744-,prima state fino alle 2 di notte a parlare di qualsiasi cosa vi passi per la mente e poi tutto si riduce ad un misero va bene capitosolo io non mi stanco mai delle persone e continuo ad essere quella che hanno conosciuto prendendola sempre in quel posto,None
1580254145742704640-,"oggi ottino si è scontrato con uno dei suoi acerrimi nemici e mi sembra di essere tornata a novembre 2021 situazione simile
il mio amore ha un appuntamento annuale con il collare
ps sta bene è solo stanco e abbacchiato ",None
1580075514811019264-,cé di peggio dietro a putin sembra esserci una classe dirigente ancora più disumana nulla che faccia intravedere una possibile via di dialogo rimane solo il popolo russo che come in iran potrebbe essere stanco di vivere un una inaccettabile autarchia,None
1579969145298628608-,hai appena finito di lavorare sei stanco e vorresti solo dormire ma il tuo essere notturno non aiuta rimedi ,None
1579823376935575552-, noooo e perché dovrebbe essere così se sei stanco di twitter abbandonalo che timporta degli hashtag fuori cè la vita vera e non è fatta solo di attrezzi da aggiustare ma di amore da dare e da ricevere basta un cane o un gatto per essere felici,None
1579227693396414465-, nulla penso di essere solo stanco,None
1578646361817329664-,  potevano essere votati anche ore ma non è successo significa che il popolo è stanco di loro che non sanno governare ma solo affamaresiete riusciti a  cancellare i primi 3 articoli della costituzione con la scusante covid bravi evviva la democrazia,None
1578277888549261314-, vorrei dire vabbè è pistocchi ma sono stanco di giustificare le uscite solo perché detti da persone note per il loro essere discutibili,None
1578091918860353554-," io credo semplicemente che una questione tecnica molto complessa non può essere affrontata di pancia o con ricette populiste tutto qui
e lostilità alla fornero non è di certo data da motivazioni tecniche ma solo per raccattare due voti in più da chi giustamente è stanco",None
1577391795780128794-, grandi giusto si è stancato il bursin e a tutte le ragioni e single ok e la sua vita privata e appartiene solo a lui comincia a essere stanco di tutte ste maldicenze cattiverie e arrivata lora di lasciarlo in pace ,None
1576947837937815552-, non è proprio cosi  io so amare ma in 9 anni ho conosciuto solo persone che hanno forse paura di conoscere e innamorarsi  e inizio a essere stanco,None
1576934741814964224-,fammi respirare solo per questa volta sono stanco di essere il tuo burattino fanculo,None
1576570842502205442-,capita solo a me di essere così stanco che mi viene da piangere,None
1576554908819419137-,   sì ma ha solo confermato che voleva baciarla adesso deve fare la cosa bella visto che dopo la verità sul bambino sarà stanco di fare la cosa giusta deve dire tutto e lei deve essere sveglia,None
1576517856723812357-,  no purtroppo anche lunedì sera avevo fatto unoretta di ginnastica per dire mi sentivo bene il giorno dopo pensavo di essere solo un po più stanco del solito invece,None
1576318931526000642-," la storia dice che è il mondo ad essere stanco della russia 
dal 1917 al 2022 solo sangue e imperialismo 
la domanda è  ma becchi non si stanca mai di scrivere baggianate",None
1575812915856564225-, ma ancora che parli di strategia comune europeaancora che elemosiniamo e stiamo dietro a chi pensa solo ai fatti suoima fai serio e basta su il popolo è stanco di essere preso in giro basta credere in un europa che non fa altro che prendere decisioni suicida,None
1575498132833464321-, è la cosa che più da fastidio sono stanco di farmi dire come mi devo comportare e cosa non dire amo le persone e le diversità ma odio essere tacciato come poco sensibile solo per idee diverse si sta creando una situazione insostenibile di ogni erba un fasciominuscolo ,None
1575483810992754689-, due uomini persi quello solo davanti al bicchiere è un uomo che sa di essere solo laltro racconta alla donna probabilmente una prostituta che ascolta comprensiva  i suoi problemi familiari  il barista li guarda stanco voglioso di tornare a casa dove lo aspetta una famiglia,None
1575331869859651587-,"sono stanco di essere forte
sono stanco di essere solo",None
1575249670191910926-,sono stanco di essere lamico usato solo cone psicologo se ha bisogno di me per parlare sono la luce dei suoi occhi altrimenti si scorda che esisto,None
1575169741232418816-,    sono solo molto stanco di essere completamente da solo molto stanco,None
1575078803873107968-," allora non hai capito il mio tweetnon sei stanco di essere considerato un nullafacente che vive di rdc solo perché sei del sud
conte è un ciarlatano doveva parlare di lavoro  ma era più comodo offrire soldi a chi ha problemi economici",None
1575070003593768964-,sono annoiato e stanco di essere da solo,None
1574885647835439113-,"stanco stanchissimo di essere preso per il culo per lennesima volta
ma perché non ti puoi fidare di nessuno perché esiste solo linteresse per sé stessi
non ce la faccio più giuro ",None
1574648389920169984-,"pensieri
sono stanco di essere un ragazzo usa e getta perché alla fine la mia psiche mi porta a ricercare altrettante attenzioni usa e getta virtuali e puntualmente finisco per consumarmi da solo nella camera da letto facendo anche tardi raramente perché mi abbiocco ",None
1574465098667921408-, perché la sinistra non esiste più e sono stanco di essere preso in giro hanno pensato solo alle poltrone e per conservarle hanno strizzato locchio per troppi anni ad un corpo sociale che alla prima occasione li ha traditi,None
1574395756420669441-, la verità è che draghi non sopportava più il peso dei problemi di questo paese che grazie a voi stava andando alla rovina per questo ha deciso di mollare tutto e tutti perché stanco di essere circondato da politici incapaci bravi solo a girarsi i pollici,None
1574393369819844609-, chi lascia fare non è che si accontenta chi lascia fare ormai è gente come me arrivati ad essere ma certa età hai lottato gridato scalcinato ma non è servito a nulla lasci stare perché sei stanco di vedere che ormai sei rimasto solo a credere che il mondo possa cambiare,None
1574344786529632256-,sinceramente sono solo stanco di essere una cazzo di valvola di sfogo,None
1574283425909014528-," certo che si può dire
ma continuo a non essere daccordo son stanco di minestroni tanto per far seggi e poi solo casino e programmi inesistenti
il governo della destra farà casino su ci sta e dovremo farci i conti nel caso e che 5s non si alleino con fdi manco garantito",None
1572997728258625537-," allora visto che me lo chiedi io mangio 
caffè latte con molto caffè 65 latte e 35 caffè per essere precisi 
biscotti solo e solamente le gocciole 9 o 10 o comunque finché non mi stanco di inzuppare",None
1572700003650473985-,"lui sta bene è stanco ma è felice però sta bene 
io posso solo piangere per lui ed essere fiera di ogni cosa che fa 
ora stremmiamo titanium e facciamola arrivare a 200k per il nostro principino e il suo ritorno a casa  ",None
1571824980605960193-,me li date i miei anemo boys sn stanco di essere da solo,None
1571614031349436416-,  ma certo sul fatto che il centrocampo debba essere gini matic non ci sono dubbi è solo che per me cristante non è nulla di che anzi magari dalla panchina per sostituire un matic stanco nel secondo tempo potrebbe starci ma ho dei dubbi anche su questo,None
1571597096133820420-,sono stanco mi sono allenato stamattina aspettavo sta partita come se potesse essere un inversione di rotta ma prenderlo nel culo pure col monza onestamente mi sembra troppo delusione totale aspetto solo lesonero al più presto non so quando ma aspetto,None
1571543309130022913-,perché solo perché lino sei stanco di essere tu il meme vivente del gruppo ,None
1571532279318515712-,cambiano gli allenatori ma ogni volta che perde linter sento dire manca la determinazione dobbiamo lavorare di più dobbiamo essere più cattivi zero analisi tattiche solo cagate del genere sarei anche stanco di sentire le stesse dichiarazioni,None
1582217435402600448-,"sembra che la compagnia stia per morire
",None
1582217415530020865-,io lo so che esiste deve esistere per forza voglio vederlo e morire felice grazie ,None
1582217333195825152-, creo que moriré sin intentarlo ,None
1582216061553762306-,para mi amor jin moriré lentamente no hay más  ,None
1582215748256403456-,porfavor yo no pedí nacer con esta luna aries señor apiádate de mi morire pronto,None
1582215618304311302-,"hanno fretta di ammazzarli devono morire prima del 2023 probabilmente e ancora non abbiamo un governo chiudete il sciopatico 
",None
1582215217945055232-,i politici devono morire tutti dai unocchiata al video di محمد الفيصل اعلامي سوري جديد  ,None
1582214890575450112-,"así es como y cuándo moriré 

 ",None
1582214506599809024-," merezco ganarlos porque 

si no voy me moriré de aburrimiento ese fin de semana

 áximavelocidad",None
1582214379101356032-,moriré llevando rojo el corazón   ,None
1582214364785844224-,moriré de anemia o de depresión,None
1582214197978419202-, dios sii es mi última obsesión  necesito a alguien para hablar de enstars o moriré,None
1582213507461758983-,"así es como y cuándo moriré 

 ",None
1582213438134419458-,después de lo del viernes pensé que iba a estar re mal pero mirá no me morí ni me moriré por eso,None
1582213407117578240-,no encuentro ly lindo amp moriré,None
1582213346316922881-, mija tu te lo sabes todo mira la hora que es y yo solo me se coulomb y solo me queda un día moriré,None
1582213193467719680-,"así es como y cuándo moriré 

 ",None
1582213129538195456-,"me moriré de ganas de decirte
que te voy a echar de menos
las palabras se me apartan
me vacían las entrañas
finjo que no sé que no he sabido
finjo que no me gusta estar contigo
y al perderme entre mis dedos
te recuerdo sin esfuerzo 

18octubre 19 ",None
1582212634665181185-, si no olvido moriré,None
1582212626439774210-,yo creo que un día moriré atorado por saliva literalmente me atoro como 20 veces al día,None
1582212565295575041-,   esa va a ganar jajajajajajaja jajajaja jajajaja jajajaja jajajaja jajajaja jajajaja jajajaja jajajaja jajajaja jajajaja jajajaja jajajaja jajajaja me moriré de risa de todas ustedes ojalá suceda ,None
1582212558626631680-, me moriré de hambre igualmente pero al menos lo haré sabiendo que mi moneda vale más ,None
1582212237388718080-, a mí comer nunca me ha dado culpa  gorda nací gorda morire,None
1582212195399569408-,de ser asi moriré feliz a base de sobredosis de hamburgas ,None
1582212125388591104-,  no moriré pero a mi nadie me pela,None
1582211868973830144-,"así es como y cuándo moriré 

 ",None
1582211787553787904-,te amo gintakazura vivo por ti moriré por ti,None
1582211524277379073-, moriré con honor ,None
1582211492337790976-,ajajajaja nunca tan yo me voy a morir pero moriré feliz  ,None
1582211302709002241-,      moriré sosteniendo que nos seguís engrandeciendo seguí festejando esa copa se quedaron muy atrás che boca murió en madrid pero sigue compitiendo nacionalmente al menos riber en cambio,None
1582210935946883077-, hahahah mi fa morire ,None
1582210309694976000-,ho visto la faccia di una formica nel mio tl voglio morire,None
1582210182016212992-,nací x mi madre morire por el uvita y la cumbiancha,None
1582210024176091136-,me duele el pecho ojalá sea señal de q moriré,None
1582209975996547074-,spacing till this time wow welldone morire,None
1582209953561186304-,adesso in onda gianni bella  non si puc3b2 morire dentro ,None
1582209848640303104-,nací x madre y moriré x su culo,None
1582209820895027200-,sabiendo que tus besos matan moriré de amor,None
1582209568720883712-,yo amo preguntar esas weas gente moriré sin culiar ,None
1582209209680424961-,moriré si me buscan encuentrenme en mi música favorita,None
1582208989219082240-, praticamente io avevo il pv che le ha fottuto la moglie e un altro ma non lo sapeva nellaltro eravamo migliori amiche e mi sparlava da morire poi mi ha raccontato di te mi senyo male,None
1582208864836952064-,un día de estos moriré por un coma de cafeína,None
1582208801448824832-,moriré y vivire por las oreos y las naranjas,None
1582208651728592896-,terminé la serie moriré q miro ahora ahre q tengo 20 libros sin leer en la biblioteca 45 deberes y no menos importante se vienen los parciales,None
1582208597148291077-,me moriré de viejo y no acabaré de comprender al animal bípedo que llaman hombre cada individuo es una variedad de su especie cervantes,None
1582208496954535936-, mátame me moriré feliz,None
1582208485567389698-, ahhhme moriré risa,None
1582208392461950976-,"así es como y cuándo moriré 

 ",None
1582208086424506368-,"me moriré de ganas de decirte
que te voy a hechar de menos",None
1582207489806053376-, uy no nunca osea que me mintió  ok moriré con ello ,None
1582206956248260611-,"así es como y cuándo moriré 

 ",None
1582206933779435521-, es día ke se vaya moriré,None
1582206786660368384-,moriré sin ver al rey de reyes dari yanki,None
1582206635828969472-,  no entonces a mí me fue jakajak nunca moriré y mi mujer nunca me perdono jakajak,None
1582206612319612928-,q dolor de cabeza moriré,None
1582206353157677056-,"me paso algo que no me pasaba hace mucho tiempo me desperté con miedo pensando que un día moriré

y no se si duela o que pase

es terrible la sensación",None
1582205430113001472-,    yo estoy sano sabes por qué si ese ser imaginario no existe moriré y listo pero si en realidad existe cuando tu mueras no morirás feliz tranquilo sigue creyendo que la tierra es plana,None
1582205021445189633-,me morire d colicos que,None
1582204893162803200-,no es cierto una vez sirvió pa tomarle foto a lo que moriré creyendo que era un cuervo pero no se veía tan claro en la foto,None
1582204883553648643-,"now playing morire by mike abdul 
listen live here ",None
1582204698391891970-, a mi me lo hizo alguno de mis hijos la compré a 2 años me duró 6 meses  y moriré sin saber cual de ellos fué,None
1582204498121961474-, que lindo que es me muero gen moriré de ternura,None
1582204467247984640-, comunque ste cose così allimprovviso ci fai morire ma non vedo lora ,None
1582204453658054658-,algún día me sacaran de contexto y morire en la funa mientras eso no pase mamen pito,None
1582204363463794689-,amooo comer moriré gorda,None
1582204228235587584-,ya casi 9 años nunca me han faltado pretendientes pero no me interesan a este paso sospecho que moriré soltera y no es queja ,None
1582204206299025408-,escucho un pitido moriré,None
1582204081266782209-,"me duele la cabeza desde las 5 pm
creo que morire",None
1582203674570686464-,necesito jugar overwatch con mis amigos o moriré,None
1582203629930393600-,"así es como y cuándo moriré 

 ",None
1582203565661048832-, estabien perdono pero no olvido el cafe me dio la vida y morire por el sies necesario,None
1582203430566645761-,"así es como y cuándo moriré 

 ",None
1582203297439440897-,entonces moriré ganar ganar ,None
1582203248580399104-, intentalo nunca morire,None
1582203147170172928-,nací por mi madre moriré por boca juniors el único grande,None
1582203117503885313-,naci por mi madre y morire por los realitys,None
1582202998188408832-,fuí al médico obvio q no  o me curo solo o moriré ,None
1582202900268580866-,que gane el alfa o moriré,None
1582202728230449153-, nací por mi madre moriré por el chisme,None
1582202442485182464-,  descargalo en steam o morire por favor es mi sueño,None
1582202188851720192-,será que moriré de presión alta,None
1582202121163706368-,me comí unos camarones echados a perder creo que moriré,None
1582202081200701441-,si tu amor no es de mí corazón pienso que este será mi final moriré con aquella ilusión de llevarte a mi mundo a soñarrrrr,None
1582202069514997762-,morire aplastado mis albumes de exo y nct ,None
1582201886106472448-,"así es como y cuándo moriré 

 ",None
1582201867203149825-,en resumidas cuentas los dos se gustan y ya solo queria decir que eso nunca me va a pasar y saben porque por estar viendo anime y twittear todo en fin morire solo,None
1582201512608108544-,"así es como y cuándo moriré 

 ",None
1582201498347372544-,"así es como y cuándo moriré 

 ",None
1582201369850675200-,"así es como y cuándo moriré 

 ",None
1582200435460358144-,creo que necesito un juego competitivo o moriré pronto,None
1582200374886158336-,"mi fa morire la regia che inquadra
edo e anto e censura 
daniele e elenoire e censura
 ",None
1582200346406899712-,yo me moriré esperando verlas ,None
1582200215292891136-,oddio alberto e giaele mi fanno morirecome si perculano,None
1582199717617840130-,dulce o morire,None
1582199297239457792-,por qué me siento así ayuda literalmente nuncs tengo bajones de este tipo moriré,None
1582199126569422848-,"la canción se llama aurora  esto es mucho por digerir de verdad siento que la canción me va a hacer llorar tanto que moriré

kim seokjin is coming
jin x coldplay is coming
 방탄소년단진      ",None
